<?xml version="1.0" encoding="UTF-8"?>
<!DOCTYPE hibernate-configuration PUBLIC
"-//Hibernate/Hibernate Configuration DTD 3.0//EN"
"http://hibernate.sourceforge.net/hibernate-configuration-3.0.dtd">
<hibernate-configuration>
<session-factory>
<property name="connection.driver_class">com.mysql.cj.jdbc.Driver</property>
<property name="connection.url">jdbc:mysql://localhost:3306/motivity</property>
<property name="connection.user">root</property>
<property name="connection.password">root</property>
<property name="show_sql">true</property>
<property name="dialet">org.hibernate.dialect.MySQLDialect</property>
<property name="hbm2ddl.auto">create</property>
<mapping class="com.companyapp.Department"/>
<mapping class="com.companyapp.Employee"/>
</session-factory>
</hibernate-configuration>